{
  "IcoMoonType": "selection",
  "icons": [
    {
      "icon": {
        "paths": [
          "M942 412q6 26-7 48t-39 30q-248 66-412 110l-226 60-68 20-112-192 62-16 84 64 212-56-176-306 82-22 294 274 228-60q26-8 49 6t29 40zM106 810h812v86h-812v-86z"
        ],
        "attrs": [],
        "isMulticolor": false,
        "isMulticolor2": false,
        "tags": [
          "flight_takeoff"
        ],
        "grid": 24
      },
      "attrs": [],
      "properties": {
        "order": 4,
        "ligatures": "flight_takeoff",
        "id": 857,
        "prevSize": 24,
        "name": "flight_takeoff"
      },
      "setIdx": 0,
      "setId": 2,
      "iconIdx": 857
    },
    {
      "icon": {
        "paths": [
          "M1024 590.444l-512-397.426-512 397.428v-162.038l512-397.426 512 397.428zM896 576v384h-256v-256h-256v256h-256v-384l384-288z"
        ],
        "tags": [
          "home",
          "house"
        ],
        "defaultCode": 59648,
        "grid": 16,
        "attrs": []
      },
      "attrs": [],
      "properties": {
        "ligatures": "home, house",
        "name": "home",
        "order": 8,
        "id": 1,
        "prevSize": 32
      },
      "setIdx": 1,
      "setId": 1,
      "iconIdx": 0
    },
    {
      "icon": {
        "paths": [
          "M512 0c-176.732 0-320 143.268-320 320 0 320 320 704 320 704s320-384 320-704c0-176.732-143.27-320-320-320zM512 512c-106.040 0-192-85.96-192-192s85.96-192 192-192 192 85.96 192 192-85.96 192-192 192z"
        ],
        "tags": [
          "location",
          "map-marker",
          "pin"
        ],
        "defaultCode": 59719,
        "grid": 16,
        "attrs": []
      },
      "attrs": [],
      "properties": {
        "ligatures": "location, map-marker",
        "name": "location",
        "order": 11,
        "id": 72,
        "prevSize": 32
      },
      "setIdx": 1,
      "setId": 1,
      "iconIdx": 71
    },
    {
      "icon": {
        "paths": [
          "M672 192l-320-128-352 128v768l352-128 320 128 352-128v-768l-352 128zM384 145.73l256 102.4v630.138l-256-102.398v-630.14zM64 236.828l256-93.090v631.8l-256 93.088v-631.798zM960 787.172l-256 93.092v-631.8l256-93.090v631.798z"
        ],
        "tags": [
          "map",
          "guide"
        ],
        "defaultCode": 59724,
        "grid": 16,
        "attrs": []
      },
      "attrs": [],
      "properties": {
        "ligatures": "map2, guide2",
        "name": "map2",
        "order": 2,
        "id": 77,
        "prevSize": 32
      },
      "setIdx": 1,
      "setId": 1,
      "iconIdx": 76
    },
    {
      "icon": {
        "paths": [
          "M512 64c282.77 0 512 186.25 512 416 0 229.752-229.23 416-512 416-27.156 0-53.81-1.734-79.824-5.044-109.978 109.978-241.25 129.7-368.176 132.596v-26.916c68.536-33.578 128-94.74 128-164.636 0-9.754-0.758-19.33-2.164-28.696-115.796-76.264-189.836-192.754-189.836-323.304 0-229.75 229.23-416 512-416z"
        ],
        "tags": [
          "bubble",
          "comment",
          "chat",
          "talk"
        ],
        "defaultCode": 59755,
        "grid": 16,
        "attrs": []
      },
      "attrs": [],
      "properties": {
        "ligatures": "bubble, comment",
        "name": "bubble",
        "order": 9,
        "id": 108,
        "prevSize": 32
      },
      "setIdx": 1,
      "setId": 1,
      "iconIdx": 107
    },
    {
      "icon": {
        "paths": [
          "M992.262 871.396l-242.552-206.294c-25.074-22.566-51.89-32.926-73.552-31.926 57.256-67.068 91.842-154.078 91.842-249.176 0-212.078-171.922-384-384-384-212.076 0-384 171.922-384 384s171.922 384 384 384c95.098 0 182.108-34.586 249.176-91.844-1 21.662 9.36 48.478 31.926 73.552l206.294 242.552c35.322 39.246 93.022 42.554 128.22 7.356s31.892-92.898-7.354-128.22zM384 640c-141.384 0-256-114.616-256-256s114.616-256 256-256 256 114.616 256 256-114.614 256-256 256z"
        ],
        "tags": [
          "search",
          "magnifier",
          "magnifying-glass",
          "inspect",
          "find"
        ],
        "defaultCode": 59782,
        "grid": 16,
        "attrs": []
      },
      "attrs": [],
      "properties": {
        "ligatures": "search, magnifier",
        "name": "search",
        "order": 6,
        "id": 135,
        "prevSize": 32
      },
      "setIdx": 1,
      "setId": 1,
      "iconIdx": 134
    },
    {
      "icon": {
        "paths": [
          "M704 0c-176.73 0-320 143.268-320 320 0 20.026 1.858 39.616 5.376 58.624l-389.376 389.376v192c0 35.346 28.654 64 64 64h64v-64h128v-128h128v-128h128l83.042-83.042c34.010 12.316 70.696 19.042 108.958 19.042 176.73 0 320-143.268 320-320s-143.27-320-320-320zM799.874 320.126c-53.020 0-96-42.98-96-96s42.98-96 96-96 96 42.98 96 96-42.98 96-96 96z"
        ],
        "tags": [
          "key",
          "password",
          "login",
          "signin"
        ],
        "defaultCode": 59789,
        "grid": 16,
        "attrs": []
      },
      "attrs": [],
      "properties": {
        "ligatures": "key, password",
        "name": "key",
        "order": 10,
        "id": 142,
        "prevSize": 32
      },
      "setIdx": 1,
      "setId": 1,
      "iconIdx": 141
    },
    {
      "icon": {
        "paths": [
          "M768 639.968l-182.82-182.822 438.82-329.15-128.010-127.996-548.52 219.442-172.7-172.706c-49.78-49.778-119.302-61.706-154.502-26.508-35.198 35.198-23.268 104.726 26.51 154.5l172.686 172.684-219.464 548.582 127.99 128.006 329.19-438.868 182.826 182.828v255.98h127.994l63.992-191.988 191.988-63.996v-127.992l-255.98 0.004z"
        ],
        "tags": [
          "airplane",
          "travel",
          "flight",
          "plane",
          "transport",
          "fly",
          "vacation"
        ],
        "defaultCode": 59823,
        "grid": 16,
        "attrs": []
      },
      "attrs": [],
      "properties": {
        "ligatures": "airplane, travel",
        "name": "airplane",
        "order": 3,
        "id": 176,
        "prevSize": 32
      },
      "setIdx": 1,
      "setId": 1,
      "iconIdx": 175
    },
    {
      "icon": {
        "paths": [
          "M192 0v1024l320-320 320 320v-1024z"
        ],
        "tags": [
          "bookmark",
          "ribbon"
        ],
        "defaultCode": 59858,
        "grid": 16,
        "attrs": []
      },
      "attrs": [],
      "properties": {
        "ligatures": "bookmark, ribbon",
        "name": "bookmark",
        "order": 12,
        "id": 211,
        "prevSize": 32
      },
      "setIdx": 1,
      "setId": 1,
      "iconIdx": 210
    },
    {
      "icon": {
        "paths": [
          "M1024 397.050l-353.78-51.408-158.22-320.582-158.216 320.582-353.784 51.408 256 249.538-60.432 352.352 316.432-166.358 316.432 166.358-60.434-352.352 256.002-249.538z"
        ],
        "tags": [
          "star-full",
          "rate",
          "star",
          "favorite",
          "bookmark"
        ],
        "defaultCode": 59865,
        "grid": 16,
        "attrs": []
      },
      "attrs": [],
      "properties": {
        "ligatures": "star-full, rate3",
        "name": "star-full",
        "order": 7,
        "id": 218,
        "prevSize": 32
      },
      "setIdx": 1,
      "setId": 1,
      "iconIdx": 217
    }
  ],
  "height": 1024,
  "preferences": {
    "showGlyphs": true,
    "showQuickUse": true,
    "showQuickUse2": true,
    "showSVGs": true,
    "fontPref": {
      "prefix": "icon-",
      "metadata": {
        "fontFamily": "icomoon"
      },
      "metrics": {
        "emSize": 1024,
        "baseline": 6.25,
        "whitespace": 50
      },
      "embed": false
    },
    "imagePref": {
      "prefix": "icon-",
      "png": true,
      "useClassSelector": true,
      "color": 0,
      "bgColor": 16777215,
      "classSelector": ".icon",
      "name": "icomoon"
    },
    "historySize": 50,
    "showCodes": true,
    "gridSize": 16
  }
}